Respuesta,Frecuencia,Asociación
cuerpo,2,0.05405405405405406
persona,2,0.05405405405405406
considerar,2,0.05405405405405406
desnudez,2,0.05405405405405406
sexualidad,1,0.02702702702702703
forma,1,0.02702702702702703
adecuar,1,0.02702702702702703
autor,1,0.02702702702702703
hablar,1,0.02702702702702703
realidad,1,0.02702702702702703
referencia,1,0.02702702702702703
eliminar,1,0.02702702702702703
sexo,1,0.02702702702702703
oponer,1,0.02702702702702703
op,1,0.02702702702702703
cit,1,0.02702702702702703
representación,1,0.02702702702702703
hombre,1,0.02702702702702703
sexuado,1,0.02702702702702703
especial,1,0.02702702702702703
alejar,1,0.02702702702702703
genitalidad,1,0.02702702702702703
áfrica,1,0.02702702702702703
espíritu,1,0.02702702702702703
sagrado,1,0.02702702702702703
radical,1,0.02702702702702703
pornográfico,1,0.02702702702702703
puro,1,0.02702702702702703
abundante,1,0.02702702702702703
desnudo,1,0.02702702702702703
neutro,1,0.02702702702702703
233,1,0.02702702702702703
pornografía,1,0.02702702702702703
