Respuesta,Frecuencia,Asociación
imagen,2,0.03508771929824561
hermoso,2,0.03508771929824561
sexual,1,0.017543859649122806
cuyo,1,0.017543859649122806
escribir,1,0.017543859649122806
opinión,1,0.017543859649122806
visión,1,0.017543859649122806
objeto,1,0.017543859649122806
placer,1,0.017543859649122806
cultura,1,0.017543859649122806
introducir,1,0.017543859649122806
frecuente,1,0.017543859649122806
cambio,1,0.017543859649122806
considerar,1,0.017543859649122806
sexo,1,0.017543859649122806
mujer,1,0.017543859649122806
freud,1,0.017543859649122806
despertar,1,0.017543859649122806
iglesia,1,0.017543859649122806
repetir,1,0.017543859649122806
cambiar,1,0.017543859649122806
discurso,1,0.017543859649122806
efecto,1,0.017543859649122806
genitalidad,1,0.017543859649122806
exterior,1,0.017543859649122806
imponer,1,0.017543859649122806
digno,1,0.017543859649122806
propiedad,1,0.017543859649122806
perú,1,0.017543859649122806
arma,1,0.017543859649122806
genitales,1,0.017543859649122806
signo,1,0.017543859649122806
precoz,1,0.017543859649122806
eyaculación,1,0.017543859649122806
goce,1,0.017543859649122806
pornográfico,1,0.017543859649122806
conservar,1,0.017543859649122806
notar,1,0.017543859649122806
espiritual,1,0.017543859649122806
viajero,1,0.017543859649122806
romo,1,0.017543859649122806
apasionar,1,0.017543859649122806
terror,1,0.017543859649122806
belleza,1,0.017543859649122806
profanación,1,0.017543859649122806
originariamente,1,0.017543859649122806
comentario,1,0.017543859649122806
tornar,1,0.017543859649122806
febril,1,0.017543859649122806
temple,1,0.017543859649122806
1830,1,0.017543859649122806
411,1,0.017543859649122806
enigma,1,0.017543859649122806
desafiar,1,0.017543859649122806
legibilidad,1,0.017543859649122806
