Respuesta,Frecuencia,Asociación
técnica,2,0.03508771929824561
sexo,2,0.03508771929824561
embrión,2,0.03508771929824561
web,1,0.017543859649122806
proceso,1,0.017543859649122806
tratar,1,0.017543859649122806
forma,1,0.017543859649122806
momento,1,0.017543859649122806
producto,1,0.017543859649122806
importante,1,0.017543859649122806
1,1,0.017543859649122806
complejo,1,0.017543859649122806
decidir,1,0.017543859649122806
ligar,1,0.017543859649122806
medicina,1,0.017543859649122806
razón,1,0.017543859649122806
enfermedad,1,0.017543859649122806
página,1,0.017543859649122806
ofrecer,1,0.017543859649122806
determinar,1,0.017543859649122806
recordar,1,0.017543859649122806
iniciar,1,0.017543859649122806
2001,1,0.017543859649122806
gestación,1,0.017543859649122806
julio,1,0.017543859649122806
clínica,1,0.017543859649122806
médico,1,0.017543859649122806
nacer,1,0.017543859649122806
padre,1,0.017543859649122806
valer,1,0.017543859649122806
portar,1,0.017543859649122806
probabilidad,1,0.017543859649122806
continuar,1,0.017543859649122806
1978,1,0.017543859649122806
feto,1,0.017543859649122806
reproducción_asistir,1,0.017543859649122806
patología,1,0.017543859649122806
oferta,1,0.017543859649122806
25,1,0.017543859649122806
destacar,1,0.017543859649122806
selección,1,0.017543859649122806
constatar,1,0.017543859649122806
vivo,1,0.017543859649122806
transferencia,1,0.017543859649122806
propiciar,1,0.017543859649122806
louise,1,0.017543859649122806
joy,1,0.017543859649122806
brown,1,0.017543859649122806
hereditario,1,0.017543859649122806
options,1,0.017543859649122806
wwwcenterforhumanrerpodcom,1,0.017543859649122806
jeffrey,1,0.017543859649122806
kahn,1,0.017543859649122806
competitivo,1,0.017543859649122806
