Respuesta,Frecuencia,Asociación
deber,2,0.043478260869565216
esencialmente,2,0.043478260869565216
definir,2,0.043478260869565216
orgasmo,2,0.043478260869565216
vagina,2,0.043478260869565216
término,1,0.021739130434782608
necesario,1,0.021739130434782608
sexual,1,0.021739130434782608
punto,1,0.021739130434782608
papel,1,0.021739130434782608
llegar,1,0.021739130434782608
1,1,0.021739130434782608
pregunta,1,0.021739130434782608
ofrecer,1,0.021739130434782608
condición,1,0.021739130434782608
posición,1,0.021739130434782608
analizar,1,0.021739130434782608
físico,1,0.021739130434782608
sexo,1,0.021739130434782608
mujer,1,0.021739130434782608
hombre,1,0.021739130434782608
interesante,1,0.021739130434782608
sexualmente,1,0.021739130434782608
técnico,1,0.021739130434782608
penetración,1,0.021739130434782608
pene,1,0.021739130434782608
vista,1,0.021739130434782608
correctamente,1,0.021739130434782608
zona,1,0.021739130434782608
incapaz,1,0.021739130434782608
convencional,1,0.021739130434782608
preferencia,1,0.021739130434782608
proveer,1,0.021739130434782608
externo,1,0.021739130434782608
causar,1,0.021739130434782608
estrictamente,1,0.021739130434782608
lubricación,1,0.021739130434782608
biología,1,0.021739130434782608
complacer,1,0.021739130434782608
estimulante,1,0.021739130434782608
clitoridiana,1,0.021739130434782608
