Respuesta,Frecuencia,Asociación
hombre,4,0.057971014492753624
generar,3,0.043478260869565216
autor,2,0.028985507246376812
proceso,1,0.014492753623188406
suponer,1,0.014492753623188406
necesidad,1,0.014492753623188406
constituir,1,0.014492753623188406
fuente,1,0.014492753623188406
contexto,1,0.014492753623188406
asegurar,1,0.014492753623188406
2006,1,0.014492753623188406
rasgo,1,0.014492753623188406
utilizar,1,0.014492753623188406
duda,1,0.014492753623188406
relación_sexual,1,0.014492753623188406
identidad,1,0.014492753623188406
masculino,1,0.014492753623188406
profundo,1,0.014492753623188406
apoyar,1,0.014492753623188406
reflejar,1,0.014492753623188406
importancia,1,0.014492753623188406
analizar,1,0.014492753623188406
capacidad,1,0.014492753623188406
cambio,1,0.014492753623188406
aplicar,1,0.014492753623188406
sexo,1,0.014492753623188406
homosexualidad,1,0.014492753623188406
mujer,1,0.014492753623188406
únicamente,1,0.014492753623188406
demostrar,1,0.014492753623188406
argumentar,1,0.014492753623188406
fernández,1,0.014492753623188406
sector,1,0.014492753623188406
varón,1,0.014492753623188406
pequeño,1,0.014492753623188406
permanente,1,0.014492753623188406
falta,1,0.014492753623188406
asumir,1,0.014492753623188406
vincular,1,0.014492753623188406
evidenciar,1,0.014492753623188406
rural,1,0.014492753623188406
acceder,1,0.014492753623188406
violencia,1,0.014492753623188406
ciudad,1,0.014492753623188406
temor,1,0.014492753623188406
estímulo,1,0.014492753623188406
popular,1,0.014492753623188406
masculinidad,1,0.014492753623188406
virilidad,1,0.014492753623188406
cumplimiento,1,0.014492753623188406
estigma,1,0.014492753623188406
combatir,1,0.014492753623188406
penetrar,1,0.014492753623188406
permanentemente,1,0.014492753623188406
humillar,1,0.014492753623188406
definidor,1,0.014492753623188406
quiroga,1,0.014492753623188406
olmo,1,0.014492753623188406
afeminar,1,0.014492753623188406
fragilidad,1,0.014492753623188406
interiorizada,1,0.014492753623188406
ironía,1,0.014492753623188406
virtualmente,1,0.014492753623188406
