Respuesta,Frecuencia,Asociación
oposición,2,0.1111111111111111
emocional,2,0.1111111111111111
valoración,2,0.1111111111111111
flexibilidad,2,0.1111111111111111
humano,1,0.05555555555555555
conocimiento,1,0.05555555555555555
psicológico,1,0.05555555555555555
relación,1,0.05555555555555555
mental,1,0.05555555555555555
vida,1,0.05555555555555555
socialización,1,0.05555555555555555
mitad,1,0.05555555555555555
ajuste,1,0.05555555555555555
empobrecimiento,1,0.05555555555555555
