Respuesta,Frecuencia,Asociación
año,1,0.05263157894736842
fase,1,0.05263157894736842
desarrollar,1,0.05263157894736842
controlar,1,0.05263157894736842
asimismo,1,0.05263157894736842
mujer,1,0.05263157894736842
demostrar,1,0.05263157894736842
prolongar,1,0.05263157894736842
grado,1,0.05263157894736842
penetración,1,0.05263157894736842
60,1,0.05263157894736842
vaginal,1,0.05263157894736842
mama,1,0.05263157894736842
elevar,1,0.05263157894736842
clítoris,1,0.05263157894736842
meseta,1,0.05263157894736842
rubor,1,0.05263157894736842
tumescencia,1,0.05263157894736842
areolar,1,0.05263157894736842
