Respuesta,Frecuencia,Asociación
deber,1,0.017241379310344827
existir,1,0.017241379310344827
sexual,1,0.017241379310344827
constituir,1,0.017241379310344827
momento,1,0.017241379310344827
definir,1,0.017241379310344827
secundario,1,0.017241379310344827
c,1,0.017241379310344827
número,1,0.017241379310344827
orgasmo,1,0.017241379310344827
relación_sexual,1,0.017241379310344827
sociedad,1,0.017241379310344827
peso,1,0.017241379310344827
posición,1,0.017241379310344827
prueba,1,0.017241379310344827
cambio,1,0.017241379310344827
menor,1,0.017241379310344827
homosexual,1,0.017241379310344827
heterosexual,1,0.017241379310344827
genital,1,0.017241379310344827
aspecto,1,0.017241379310344827
falo,1,0.017241379310344827
vagina,1,0.017241379310344827
varón,1,0.017241379310344827
pene,1,0.017241379310344827
efecto,1,0.017241379310344827
evidencia,1,0.017241379310344827
exposición,1,0.017241379310344827
hormonal,1,0.017241379310344827
contracción,1,0.017241379310344827
vaginal,1,0.017241379310344827
disminuir,1,0.017241379310344827
hormona,1,0.017241379310344827
pared,1,0.017241379310344827
ovario,1,0.017241379310344827
antigüedad,1,0.017241379310344827
intensidad,1,0.017241379310344827
automáticamente,1,0.017241379310344827
adelgazar,1,0.017241379310344827
somático,1,0.017241379310344827
desnudez,1,0.017241379310344827
ocasionar,1,0.017241379310344827
pecho,1,0.017241379310344827
estrógeno,1,0.017241379310344827
elasticidad,1,0.017241379310344827
reproductor,1,0.017241379310344827
glándula,1,0.017241379310344827
testículo,1,0.017241379310344827
andrógeno,1,0.017241379310344827
hender,1,0.017241379310344827
estatura,1,0.017241379310344827
carácter_sexual,1,0.017241379310344827
arqueológico,1,0.017241379310344827
erecto,1,0.017241379310344827
hermafroditismo,1,0.017241379310344827
incuestionable,1,0.017241379310344827
pornografía,1,0.017241379310344827
irritación,1,0.017241379310344827
