Respuesta,Frecuencia,Asociación
imagen,2,0.025974025974025976
clítoris,2,0.025974025974025976
tropo,2,0.025974025974025976
fantasmagórico,2,0.025974025974025976
proceso,1,0.012987012987012988
basar,1,0.012987012987012988
contar,1,0.012987012987012988
deber,1,0.012987012987012988
existir,1,0.012987012987012988
forma,1,0.012987012987012988
acción,1,0.012987012987012988
lugar,1,0.012987012987012988
niño,1,0.012987012987012988
papel,1,0.012987012987012988
distinto,1,0.012987012987012988
biológico,1,0.012987012987012988
anatomía,1,0.012987012987012988
cuerpo,1,0.012987012987012988
respuesta,1,0.012987012987012988
orgasmo,1,0.012987012987012988
placer,1,0.012987012987012988
femenino,1,0.012987012987012988
iii,1,0.012987012987012988
convertir,1,0.012987012987012988
entender,1,0.012987012987012988
afectivo,1,0.012987012987012988
instinto,1,0.012987012987012988
aparecer,1,0.012987012987012988
mujer,1,0.012987012987012988
infancia,1,0.012987012987012988
vida,1,0.012987012987012988
impulso,1,0.012987012987012988
historia,1,0.012987012987012988
erótico,1,0.012987012987012988
discurso,1,0.012987012987012988
sensación,1,0.012987012987012988
efecto,1,0.012987012987012988
superficie,1,0.012987012987012988
empezar,1,0.012987012987012988
diagnosticar,1,0.012987012987012988
zona,1,0.012987012987012988
concomitante,1,0.012987012987012988
ajustar,1,0.012987012987012988
estímulo,1,0.012987012987012988
experimental,1,0.012987012987012988
recorrer,1,0.012987012987012988
valoración,1,0.012987012987012988
dimensión,1,0.012987012987012988
significación,1,0.012987012987012988
trazar,1,0.012987012987012988
lectura,1,0.012987012987012988
necesariamente,1,0.012987012987012988
goce,1,0.012987012987012988
pornográfico,1,0.012987012987012988
fracaso,1,0.012987012987012988
respuesta_sexual,1,0.012987012987012988
excitación,1,0.012987012987012988
magnitud,1,0.012987012987012988
capacitar,1,0.012987012987012988
extensión,1,0.012987012987012988
fotográfico,1,0.012987012987012988
engendrar,1,0.012987012987012988
eléctrico,1,0.012987012987012988
epidermis,1,0.012987012987012988
innegablemente,1,0.012987012987012988
clímax,1,0.012987012987012988
pornogramática,1,0.012987012987012988
prostitulógica,1,0.012987012987012988
biofísico,1,0.012987012987012988
estimulación9,1,0.012987012987012988
espectral,1,0.012987012987012988
cartografiar,1,0.012987012987012988
prostitulogía,1,0.012987012987012988
